,CL_RI=05,CL_RI=10,CL_RI=20,EDGE_RI=05,EDGE_RI=10,EDGE_RI=20
GHF1_Wall_0p5,5.423219619,5.075746174,3.629796277,4.145841462,3.853405841,3.049717801
GHF2_Wall_0p7,7.422138353,7.06384235,5.471686938,5.25749409,4.98682058,4.168880073
GHF3_Wall_0p9,6.227692124,7.065073124,6.534756671,4.504240248,5.031487663,4.886192225
GHF4_Wall_1p1,3.975137758,5.483603898,6.212169396,3.063376091,4.075216016,4.751063054
GHF5_Wall_1p3,2.892584355,3.990140272,5.009351637,2.328703046,3.107938534,3.991158076
GHF6_Wall_1p5,1.907118322,2.358586453,3.323815482,1.611426705,1.958128577,2.781262126
