Position,0.2 m,0.4 m,0.6 m,0.8 m,1.0 m,1.2 m
0,30.50708333,18.12679167,12.53916667,8.204583333,5.418916667,3.832458333
0.15,16.09625,11.01204167,7.115083333,4.309416667,3.304458333,2.47225
0.305,11.03195833,8.914208333,5.946041667,3.761416667,2.358708333,1.621041667
0.61,4.606583333,4.200208333,3.202333333,2.343666667,1.529916667,1.031083333