Position,0.2 m,0.4 m,0.6 m,0.8 m,1.0 m,1.2 m
0,65.24916667,36.005,18.81416667,9.978166667,7.235083333,4.8085
0.15,39.1475,21.56833333,10.14916667,5.709666667,4.180833333,3.172666667
0.305,16.25333333,12.175,6.773,4.462,2.83525,2.116916667
0.61,5.722166667,5.087166667,3.8785,2.564666667,1.739083333,1.157416667